Index,Pre-Restriction,Restriction,Lockdown
PM2.5,41.78710145,26.14346667,18.74641026
PM10,89.82797101,57.54666667,44.00871795
